,pdc,dtf
0,1.5305059523809523,1.8692956349206349
1,0.8110119047619048,0.6391369047619048
