,pdc,dtf
0,1.5376984126984128,1.5376984126984128
1,0.703125,0.703125
