,pdc,dtf
0,0.24775867130956838,0.3430661368892591
1,0.4048202896838116,0.35412373932962476
