,pdc,dtf
0,0.2546267893340172,0.2546267893340172
1,0.3302240807140629,0.3302240807140629
