,eo_pdc,alt_eo,ec_pdc,alt_ec
clustering_coefficient,0.24775867130956838,0.249251539665248,0.3430661368892591,0.3206396860102756
avg_shortest_path_length,1.5305059523809523,2.7686011904761907,1.8692956349206349,2.5476190476190474
